"id","created_at","engine","engine_version","mode","trigger","phrase_id","trial","first_text_ms","final_text_ms","visible_at_release","word_error_rate","accuracy","expected","actual"
"BF4470FD-7240-4AE5-B9BC-10BB5B1283FB","2026-08-15T19:59:17Z","Aqua Voice","0.18.22","Avalon v1.1 cloud","Fn","neutral-01",2,587.229646,587.229646,false,0,1,"Fast speech to text should feel instant.","Fast speech to text should feel instant. "
"A10E7CE9-6747-464F-9FF6-E7DB786C64C4","2026-08-15T19:59:25Z","Aqua Voice","0.18.22","Avalon v1.1 cloud","Fn","neutral-01",3,725.210625,725.210625,false,0,1,"Fast speech to text should feel instant.","Fast speech to text should feel instant. "
"B726F9C7-AF3D-4031-8BB9-6ABF8C4AF73A","2026-08-15T19:59:33Z","Aqua Voice","0.18.22","Avalon v1.1 cloud","Fn","neutral-01",4,625.941938,625.941938,false,0,1,"Fast speech to text should feel instant.","Fast speech to text should feel instant. "
"32F38809-A031-4EF0-94E0-B53D7FE2D5A2","2026-08-15T19:59:41Z","Aqua Voice","0.18.22","Avalon v1.1 cloud","Fn","neutral-01",5,553.779688,553.779688,false,0,1,"Fast speech to text should feel instant.","Fast speech to text should feel instant. "
"1FE6B3F1-649A-4BB3-96DC-6D660D4C1F8C","2026-08-15T19:59:49Z","Aqua Voice","0.18.22","Avalon v1.1 cloud","Fn","neutral-01",6,538.805104,538.805104,false,0,1,"Fast speech to text should feel instant.","Fast speech to text should feel instant. "
"36ADBF76-A894-4A15-A3EC-DE3DEAAE2165","2026-08-15T20:00:52Z","Aqua Voice","0.18.22","Avalon v1.1 cloud","Fn","neutral-01",7,636.679688,636.679688,false,0,1,"Fast speech to text should feel instant.","Fast speech to text should feel instant. "
"0D159E42-02A7-43B6-8595-706ADA0C32F4","2026-08-15T20:01:00Z","Aqua Voice","0.18.22","Avalon v1.1 cloud","Fn","neutral-01",8,1011.772771,1011.772771,false,0.7142857142857143,0.2857142857142857,"Fast speech to text should feel instant.","Fast speech. "
"40DC7204-48BD-4865-9C78-3126EC962045","2026-08-15T20:01:09Z","Aqua Voice","0.18.22","Avalon v1.1 cloud","Fn","neutral-01",9,634.524771,634.524771,false,0,1,"Fast speech to text should feel instant.","Fast speech to text should feel instant. "
"10A922F4-9F23-4EA9-9394-DFC1228C9729","2026-08-15T20:01:16Z","Aqua Voice","0.18.22","Avalon v1.1 cloud","Fn","neutral-01",10,663.719584,663.719584,false,1,0,"Fast speech to text should feel instant.","Yeah, I think we'll see. "
"79393B2D-C597-4899-B2FF-2A3CB9026029","2026-08-15T20:01:24Z","Aqua Voice","0.18.22","Avalon v1.1 cloud","Fn","neutral-01",11,654.227604,654.227604,false,0,1,"Fast speech to text should feel instant.","Fast speech to text should feel instant. "
"F37EA901-6DBB-4A68-9544-86AF8933A90A","2026-08-15T20:01:32Z","Aqua Voice","0.18.22","Avalon v1.1 cloud","Fn","neutral-01",12,549.688334,549.688334,false,0,1,"Fast speech to text should feel instant.","Fast speech to text should feel instant. "
"1FF3C436-A59D-468E-9BA0-841D9C0C65AE","2026-08-15T20:01:40Z","Aqua Voice","0.18.22","Avalon v1.1 cloud","Fn","neutral-01",13,637.906125,637.906125,false,0,1,"Fast speech to text should feel instant.","Fast speech to text should feel instant. "
"81C4F845-926B-4CA4-800C-7BBEBDD6189A","2026-08-15T20:01:48Z","Aqua Voice","0.18.22","Avalon v1.1 cloud","Fn","neutral-01",14,584.941521,584.941521,false,0,1,"Fast speech to text should feel instant.","Fast speech to text should feel instant. "
"43D499DC-B4B3-44E7-BDA7-2B5EA5356735","2026-08-15T20:01:56Z","Aqua Voice","0.18.22","Avalon v1.1 cloud","Fn","neutral-01",15,595.959917,595.959917,false,0,1,"Fast speech to text should feel instant.","Fast speech to text should feel instant. "
"568E623D-61AE-4847-9B77-6E8270E572B7","2026-08-15T20:02:04Z","Aqua Voice","0.18.22","Avalon v1.1 cloud","Fn","neutral-01",16,872.374584,872.374584,false,0,1,"Fast speech to text should feel instant.","Fast speech to text should feel instant. "
"39774B37-A450-4FDA-9C29-5B4111071664","2026-08-15T20:02:12Z","Aqua Voice","0.18.22","Avalon v1.1 cloud","Fn","neutral-01",17,646.617333,646.617333,false,0,1,"Fast speech to text should feel instant.","Fast speech to text should feel instant. "
"4A3C9475-1173-4346-BA76-529940971661","2026-08-15T20:02:19Z","Aqua Voice","0.18.22","Avalon v1.1 cloud","Fn","neutral-01",18,485.25075,485.25075,false,0,1,"Fast speech to text should feel instant.","Fast speech to text should feel instant. "
"107B56F2-30A2-4240-8095-2B194FD97063","2026-08-15T20:02:27Z","Aqua Voice","0.18.22","Avalon v1.1 cloud","Fn","neutral-01",19,532.404291,532.404291,false,0,1,"Fast speech to text should feel instant.","Fast speech to text should feel instant. "
"F1AA5029-151A-466B-B987-31E950E54537","2026-08-15T20:02:34Z","Aqua Voice","0.18.22","Avalon v1.1 cloud","Fn","neutral-01",20,564.096187,564.096187,false,0,1,"Fast speech to text should feel instant.","Fast speech to text should feel instant. "
"F5F2FC2C-7110-46F7-A38D-E78B917462B4","2026-08-15T20:02:42Z","Aqua Voice","0.18.22","Avalon v1.1 cloud","Fn","neutral-01",21,844.429188,844.429188,false,0,1,"Fast speech to text should feel instant.","Fast speech to text should feel instant. "
"8DD79D1D-392A-494B-A5D6-95E8F3572083","2026-08-13T16:21:59Z","MacWhisper","14.7","Large v3 Turbo local","Fn","neutral-01",2,1131.75475,1131.75475,false,0,1,"Fast speech to text should feel instant.","Fast speech to text should feel instant. "
"2169A40D-B9D3-4936-800B-B88D4AE38A9E","2026-08-13T16:22:06Z","MacWhisper","14.7","Large v3 Turbo local","Fn","neutral-01",3,1168.020125,1168.020125,false,0,1,"Fast speech to text should feel instant.","Fast speech to text should feel instant. "
"56807107-9399-4DD3-9301-7587F01F9AAF","2026-08-13T16:22:13Z","MacWhisper","14.7","Large v3 Turbo local","Fn","neutral-01",4,1178.874125,1178.874125,false,0,1,"Fast speech to text should feel instant.","Fast speech to text should feel instant. "
"AABD1EA4-71F6-43D7-BF72-02896C787CBE","2026-08-13T16:22:20Z","MacWhisper","14.7","Large v3 Turbo local","Fn","neutral-01",5,1109.549583,1109.549583,false,0,1,"Fast speech to text should feel instant.","Fast speech to text should feel instant. "
"5F0AAEA2-CE97-4BB9-8F71-661BBD7C331D","2026-08-13T16:22:26Z","MacWhisper","14.7","Large v3 Turbo local","Fn","neutral-01",6,1226.447458,1226.447458,false,0,1,"Fast speech to text should feel instant.","Fast speech to text should feel instant. "
"9655DBBB-A544-48C8-ADB6-176C7498D229","2026-08-13T16:22:33Z","MacWhisper","14.7","Large v3 Turbo local","Fn","neutral-01",7,1253.093584,1253.093584,false,0,1,"Fast speech to text should feel instant.","Fast speech to text should feel instant. "
"E41C2253-D890-43AD-AF60-7844E61B006D","2026-08-13T16:22:40Z","MacWhisper","14.7","Large v3 Turbo local","Fn","neutral-01",8,1135.076792,1135.076792,false,1,0,"Fast speech to text should feel instant.","Delta Force. Delta Force. "
"E6B8FB6C-0E59-40C4-AD86-39C7FDE0A185","2026-08-13T16:22:46Z","MacWhisper","14.7","Large v3 Turbo local","Fn","neutral-01",9,1195.872208,1195.872208,false,0,1,"Fast speech to text should feel instant.","Fast speech to text should feel instant. "
"72BDCCF2-5F16-4998-ABCE-E4A37D214DC3","2026-08-13T16:22:53Z","MacWhisper","14.7","Large v3 Turbo local","Fn","neutral-01",10,1153.115792,1153.115792,false,0,1,"Fast speech to text should feel instant.","Fast speech to text should feel instant. "
"415FCB35-F93C-4288-9514-36846C5E7235","2026-08-13T16:23:00Z","MacWhisper","14.7","Large v3 Turbo local","Fn","neutral-01",11,1134.73625,1134.73625,false,1,0,"Fast speech to text should feel instant.","-Tek "
"69489723-EDB9-4B27-91C8-B610A16D01FA","2026-08-13T16:23:07Z","MacWhisper","14.7","Large v3 Turbo local","Fn","neutral-01",12,1159.828209,1159.828209,false,0,1,"Fast speech to text should feel instant.","Fast speech to text should feel instant. "
"7275E4AC-6EC3-4A3D-9A29-F2D7FE31D0B6","2026-08-13T16:23:14Z","MacWhisper","14.7","Large v3 Turbo local","Fn","neutral-01",13,1142.13975,1142.13975,false,0,1,"Fast speech to text should feel instant.","Fast speech to text should feel instant. "
"8569014D-0D5E-4943-8A51-686A5E7C468E","2026-08-13T16:23:21Z","MacWhisper","14.7","Large v3 Turbo local","Fn","neutral-01",14,1200.936417,1200.936417,false,0,1,"Fast speech to text should feel instant.","Fast speech to text should feel instant. "
"0DAC3DB1-632F-4553-B70D-DFAB00ABEAD7","2026-08-13T16:23:28Z","MacWhisper","14.7","Large v3 Turbo local","Fn","neutral-01",15,1144.576083,1144.576083,false,0,1,"Fast speech to text should feel instant.","Fast speech to text should feel instant. "
"288BF34C-1676-4781-B8BD-11E77041A438","2026-08-13T16:23:34Z","MacWhisper","14.7","Large v3 Turbo local","Fn","neutral-01",16,1186.045583,1186.045583,false,0,1,"Fast speech to text should feel instant.","Fast speech to text should feel instant. "
"509E9DB8-C49A-4540-9C7A-246C6DED38C3","2026-08-13T16:23:41Z","MacWhisper","14.7","Large v3 Turbo local","Fn","neutral-01",17,1134.024833,1134.024833,false,0,1,"Fast speech to text should feel instant.","Fast speech to text should feel instant. "
"DB9852C8-6474-420A-BF86-B28618E4E5AA","2026-08-13T16:23:48Z","MacWhisper","14.7","Large v3 Turbo local","Fn","neutral-01",18,1191.805375,1191.805375,false,1,0,"Fast speech to text should feel instant.","Równoszka tekst "
"3EC89C1D-8260-48B8-A505-70EF371A37BA","2026-08-13T16:23:55Z","MacWhisper","14.7","Large v3 Turbo local","Fn","neutral-01",19,1135.15175,1135.15175,false,0,1,"Fast speech to text should feel instant.","Fast speech to text should feel instant. "
"562C087C-2AB6-4B81-BCDB-11CB38088ECC","2026-08-13T16:24:01Z","MacWhisper","14.7","Large v3 Turbo local","Fn","neutral-01",20,1143.506667,1143.506667,false,0,1,"Fast speech to text should feel instant.","Fast speech to text should feel instant. "
"092087CE-ACC2-4BC3-9173-E78D91E5E730","2026-08-13T16:24:08Z","MacWhisper","14.7","Large v3 Turbo local","Fn","neutral-01",21,1140.460334,1140.460334,false,0,1,"Fast speech to text should feel instant.","Fast speech to text should feel instant. "
"19A821F7-A8B6-4803-A788-BCE047C1FF4D","2026-08-15T15:48:44Z","Spokenly","2.27.16","Parakeet TDT 0.6B V3 local","Spokenly deeplink","neutral-01",3,192.386438,192.386438,false,0,1,"Fast speech to text should feel instant.","Fast speech to text should feel instant. "
"500888DE-C867-4A49-9851-BB3D53E2F8D2","2026-08-15T15:48:51Z","Spokenly","2.27.16","Parakeet TDT 0.6B V3 local","Spokenly deeplink","neutral-01",4,172.472354,172.472354,false,0,1,"Fast speech to text should feel instant.","Fast speech to text should feel instant. "
"D5741C9E-339A-4294-BAA5-8D5379DD1C34","2026-08-15T15:48:58Z","Spokenly","2.27.16","Parakeet TDT 0.6B V3 local","Spokenly deeplink","neutral-01",5,195.558709,195.558709,false,0,1,"Fast speech to text should feel instant.","Fast speech to text should feel instant. "
"C83B80F5-4387-4B2C-9BDA-D0143FB3DF10","2026-08-15T15:49:05Z","Spokenly","2.27.16","Parakeet TDT 0.6B V3 local","Spokenly deeplink","neutral-01",6,183.437542,183.437542,false,0,1,"Fast speech to text should feel instant.","Fast speech to text should feel instant. "
"01F7D419-6A58-4E36-B887-15374F4FDD49","2026-08-15T15:49:12Z","Spokenly","2.27.16","Parakeet TDT 0.6B V3 local","Spokenly deeplink","neutral-01",7,215.304583,215.304583,false,0,1,"Fast speech to text should feel instant.","Fast speech to text should feel instant. "
"424DCDE7-4C43-4799-A88A-F632DFDD46FE","2026-08-15T15:49:19Z","Spokenly","2.27.16","Parakeet TDT 0.6B V3 local","Spokenly deeplink","neutral-01",8,209.322354,209.322354,false,0,1,"Fast speech to text should feel instant.","Fast speech to text should feel instant. "
"27D488D9-766B-4FC1-B297-E547F547F4FB","2026-08-15T15:49:26Z","Spokenly","2.27.16","Parakeet TDT 0.6B V3 local","Spokenly deeplink","neutral-01",9,198.523459,198.523459,false,0,1,"Fast speech to text should feel instant.","Fast speech to text should feel instant. "
"C8D0F805-C912-4B24-954A-9564E1418004","2026-08-15T15:49:33Z","Spokenly","2.27.16","Parakeet TDT 0.6B V3 local","Spokenly deeplink","neutral-01",10,196.771459,196.771459,false,0,1,"Fast speech to text should feel instant.","Fast speech to text should feel instant. "
"2AB3D83E-E163-494B-8D5C-1AE329AEF495","2026-08-15T15:49:40Z","Spokenly","2.27.16","Parakeet TDT 0.6B V3 local","Spokenly deeplink","neutral-01",11,156.31298,156.31298,false,0,1,"Fast speech to text should feel instant.","Fast speech to text should feel instant. "
"9C995217-DD5A-40E5-B053-F50DFC01E63D","2026-08-15T15:49:47Z","Spokenly","2.27.16","Parakeet TDT 0.6B V3 local","Spokenly deeplink","neutral-01",12,163.264396,163.264396,false,0,1,"Fast speech to text should feel instant.","Fast speech to text should feel instant. "
"585C53CE-4B26-4623-B111-830BFA22FF1D","2026-08-15T15:49:54Z","Spokenly","2.27.16","Parakeet TDT 0.6B V3 local","Spokenly deeplink","neutral-01",13,193.969522,193.969522,false,0,1,"Fast speech to text should feel instant.","Fast speech to text should feel instant. "
"33C15712-193A-419C-83E1-B1E62E4D4BEE","2026-08-15T15:50:01Z","Spokenly","2.27.16","Parakeet TDT 0.6B V3 local","Spokenly deeplink","neutral-01",14,168.772021,168.772021,false,0,1,"Fast speech to text should feel instant.","Fast speech to text should feel instant. "
"E25339F0-61D4-4DD2-8CF1-B3637AEC6CC9","2026-08-15T15:50:08Z","Spokenly","2.27.16","Parakeet TDT 0.6B V3 local","Spokenly deeplink","neutral-01",15,160.45875,160.45875,false,0,1,"Fast speech to text should feel instant.","Fast speech to text should feel instant. "
"79A4292D-AA2A-4348-967A-AC13258226D6","2026-08-15T15:50:15Z","Spokenly","2.27.16","Parakeet TDT 0.6B V3 local","Spokenly deeplink","neutral-01",16,164.005084,164.005084,false,0,1,"Fast speech to text should feel instant.","Fast speech to text should feel instant. "
"4ED84954-B36B-45CB-84CC-120D48F50DA2","2026-08-15T15:50:22Z","Spokenly","2.27.16","Parakeet TDT 0.6B V3 local","Spokenly deeplink","neutral-01",17,186.382146,186.382146,false,0,1,"Fast speech to text should feel instant.","Fast speech to text should feel instant. "
"B6612BFD-1760-4F53-A07E-F45037809A44","2026-08-15T15:50:29Z","Spokenly","2.27.16","Parakeet TDT 0.6B V3 local","Spokenly deeplink","neutral-01",18,208.012833,208.012833,false,0,1,"Fast speech to text should feel instant.","Fast speech to text should feel instant. "
"9AC5287E-145E-470A-AD53-77FCEC691610","2026-08-15T15:50:36Z","Spokenly","2.27.16","Parakeet TDT 0.6B V3 local","Spokenly deeplink","neutral-01",19,192.577625,192.577625,false,0,1,"Fast speech to text should feel instant.","Fast speech to text should feel instant. "
"E2882A93-EC57-479D-8F25-5989D16A687E","2026-08-15T15:50:43Z","Spokenly","2.27.16","Parakeet TDT 0.6B V3 local","Spokenly deeplink","neutral-01",20,206.181813,206.181813,false,0,1,"Fast speech to text should feel instant.","Fast speech to text should feel instant. "
"B3C3CBBE-FFF9-4E98-B2D5-B52CAA08BCF1","2026-08-15T15:50:50Z","Spokenly","2.27.16","Parakeet TDT 0.6B V3 local","Spokenly deeplink","neutral-01",21,163.633521,163.633521,false,0,1,"Fast speech to text should feel instant.","Fast speech to text should feel instant. "
"E74B9FDF-3EF8-44A8-87CA-03AB50364387","2026-08-15T15:50:57Z","Spokenly","2.27.16","Parakeet TDT 0.6B V3 local","Spokenly deeplink","neutral-01",22,158.43625,158.43625,false,0,1,"Fast speech to text should feel instant.","Fast speech to text should feel instant. "
"1AE979EB-89C9-4E01-81E6-26FEF0EA9E61","2026-08-13T10:16:42Z","Talkify","development","Apple SpeechAnalyzer","Fn","neutral-01",2,140.389646,140.389646,false,0,1,"Fast speech to text should feel instant.","Fast speech to text should feel instant."
"1D744FB2-33F5-4167-AA01-1D94607050FC","2026-08-13T10:16:47Z","Talkify","development","Apple SpeechAnalyzer","Fn","neutral-01",3,132.744021,132.744021,false,0.2857142857142857,0.7142857142857143,"Fast speech to text should feel instant.","That speech to text should be instant."
"7FC2B5AD-E6BE-45B3-BDAC-66FF783466E4","2026-08-13T10:16:53Z","Talkify","development","Apple SpeechAnalyzer","Fn","neutral-01",4,125.739542,125.739542,false,0.14285714285714285,0.8571428571428572,"Fast speech to text should feel instant.","That speech to text should feel instant."
"78C4BF64-7A2D-4D24-8A7A-6BCF255BB2D2","2026-08-13T10:16:58Z","Talkify","development","Apple SpeechAnalyzer","Fn","neutral-01",5,112.719541,112.719541,false,0.42857142857142855,0.5714285714285714,"Fast speech to text should feel instant.","That speech to text should feel insane. How?"
"DE07F798-9507-4325-9CBC-FEC0A9E7A7DF","2026-08-13T10:17:03Z","Talkify","development","Apple SpeechAnalyzer","Fn","neutral-01",6,117.788583,117.788583,false,0.2857142857142857,0.7142857142857143,"Fast speech to text should feel instant.","That speech to text should be instant."
"5335F484-E56F-43B8-B855-A91D3F8E2B39","2026-08-13T10:17:08Z","Talkify","development","Apple SpeechAnalyzer","Fn","neutral-01",7,126.204396,126.204396,false,0.5714285714285714,0.4285714285714286,"Fast speech to text should feel instant.","Well, that speech to test me feel instant."
"78BE3EF2-FA73-49D3-A63C-DB59C4D59B8F","2026-08-13T10:17:14Z","Talkify","development","Apple SpeechAnalyzer","Fn","neutral-01",8,139.7645,139.7645,false,0.2857142857142857,0.7142857142857143,"Fast speech to text should feel instant.","That speech to text should be instant."
"84246AE6-421C-478C-B463-E797F30516B3","2026-08-13T10:17:19Z","Talkify","development","Apple SpeechAnalyzer","Fn","neutral-01",9,141.36875,141.36875,false,0,1,"Fast speech to text should feel instant.","Fast speech to text should feel instant."
"20BD2BE3-2170-4ADC-A5C9-0B94F2F002C2","2026-08-13T10:17:24Z","Talkify","development","Apple SpeechAnalyzer","Fn","neutral-01",10,124.701125,124.701125,false,0.14285714285714285,0.8571428571428572,"Fast speech to text should feel instant.","No, speech to text should feel instant."
"C17C6648-05A3-427A-8BD0-174C4D71DBC9","2026-08-13T10:17:30Z","Talkify","development","Apple SpeechAnalyzer","Fn","neutral-01",11,132.619459,132.619459,false,0,1,"Fast speech to text should feel instant.","Fast speech to text should feel instant."
"CD37D69E-5763-4B7C-A51B-8F75F8F008C3","2026-08-13T10:17:34Z","Talkify","development","Apple SpeechAnalyzer","Fn","neutral-01",12,111.642813,111.642813,false,0,1,"Fast speech to text should feel instant.","Fast speech to text should feel instant."
"D65F0CF5-43FA-48C2-AD94-E68899085151","2026-08-13T10:17:40Z","Talkify","development","Apple SpeechAnalyzer","Fn","neutral-01",13,114.985021,114.985021,false,0,1,"Fast speech to text should feel instant.","Fast speech to text should feel instant."
"D36D74BA-04D5-417F-B8AB-A8DD713175E3","2026-08-13T10:17:45Z","Talkify","development","Apple SpeechAnalyzer","Fn","neutral-01",14,113.992751,113.992751,false,0,1,"Fast speech to text should feel instant.","Fast speech to text should feel instant."
"FCBD6555-3E69-4CE9-B1FF-9D0B03E98482","2026-08-13T10:17:51Z","Talkify","development","Apple SpeechAnalyzer","Fn","neutral-01",15,136.37498,136.37498,false,0,1,"Fast speech to text should feel instant.","Fast speech to text should feel instant."
"6E9BB783-8484-481B-AB00-56D82D21CB85","2026-08-13T10:17:56Z","Talkify","development","Apple SpeechAnalyzer","Fn","neutral-01",16,116.785584,116.785584,false,0,1,"Fast speech to text should feel instant.","Fast speech to text should feel instant."
"B7AD5976-057B-4612-8073-8A339691887C","2026-08-13T10:18:02Z","Talkify","development","Apple SpeechAnalyzer","Fn","neutral-01",17,120.779583,120.779583,false,0,1,"Fast speech to text should feel instant.","Fast speech to text should feel instant."
"5BE0BAAC-BDC9-4C9B-AB28-4C7F7B21F0F0","2026-08-13T10:18:07Z","Talkify","development","Apple SpeechAnalyzer","Fn","neutral-01",18,107.962001,107.962001,false,0,1,"Fast speech to text should feel instant.","Fast speech to text should feel instant."
"F1DCF64E-6D7B-4A76-B84B-C22C60313F47","2026-08-13T10:18:12Z","Talkify","development","Apple SpeechAnalyzer","Fn","neutral-01",19,118.737354,118.737354,false,0,1,"Fast speech to text should feel instant.","Fast speech to text should feel instant."
"4E73A2B9-2DBB-4819-8E92-09BC9ECC9913","2026-08-13T10:18:18Z","Talkify","development","Apple SpeechAnalyzer","Fn","neutral-01",20,112.982188,112.982188,false,0.14285714285714285,0.8571428571428572,"Fast speech to text should feel instant.","Fast age to text should feel instant."
"9B78E702-96D3-48D9-BB4F-D5223D89963D","2026-08-13T10:18:23Z","Talkify","development","Apple SpeechAnalyzer","Fn","neutral-01",21,135.339292,135.339292,false,0,1,"Fast speech to text should feel instant.","Fast speech to text should feel instant."
"777B104E-7573-4211-8BF9-9B2F8B5BA295","2026-08-13T16:33:09Z","VoiceInk","2.11","Parakeet V3 local","⌥ Space","neutral-01",17,335.65223,335.65223,false,0,1,"Fast speech to text should feel instant.","Fast speech to text should feel instant. "
"12D1228B-416C-4B29-B1E4-9D77F3C51B29","2026-08-13T16:33:16Z","VoiceInk","2.11","Parakeet V3 local","⌥ Space","neutral-01",18,310.586292,310.586292,false,0,1,"Fast speech to text should feel instant.","Fast speech to text should feel instant. "
"0C342D5E-E2E8-477F-9163-1B5883332C5F","2026-08-13T16:33:24Z","VoiceInk","2.11","Parakeet V3 local","⌥ Space","neutral-01",19,309.529729,309.529729,false,0,1,"Fast speech to text should feel instant.","Fast speech to text should feel instant. "
"26A91ABD-73CB-4ECF-9050-D940BC5C0BFB","2026-08-13T16:33:31Z","VoiceInk","2.11","Parakeet V3 local","⌥ Space","neutral-01",20,323.858896,323.858896,false,0,1,"Fast speech to text should feel instant.","Fast speech to text should feel instant. "
"F5DBA29D-A15A-493F-90D9-56805F0FED60","2026-08-13T16:33:39Z","VoiceInk","2.11","Parakeet V3 local","⌥ Space","neutral-01",21,313.712917,313.712917,false,0,1,"Fast speech to text should feel instant.","Fast speech to text should feel instant. "
"54EBE4A5-0279-4C1D-8694-CCA770A51459","2026-08-13T16:33:46Z","VoiceInk","2.11","Parakeet V3 local","⌥ Space","neutral-01",22,314.011416,314.011416,false,0,1,"Fast speech to text should feel instant.","Fast speech to text should feel instant. "
"1DDAE451-4BB1-43BF-BFC4-28DF1A8F2319","2026-08-13T16:33:54Z","VoiceInk","2.11","Parakeet V3 local","⌥ Space","neutral-01",23,351.224271,351.224271,false,0,1,"Fast speech to text should feel instant.","Fast speech to text should feel instant. "
"3AC5308F-B8E6-45EA-941D-680D4FC98F73","2026-08-13T16:34:02Z","VoiceInk","2.11","Parakeet V3 local","⌥ Space","neutral-01",24,343.685688,343.685688,false,0,1,"Fast speech to text should feel instant.","Fast speech to text should feel instant. "
"7FAA63B6-6CC9-44CE-9528-2640DF06C0DE","2026-08-13T16:34:10Z","VoiceInk","2.11","Parakeet V3 local","⌥ Space","neutral-01",25,374.832375,374.832375,false,0,1,"Fast speech to text should feel instant.","Fast speech to text should feel instant. "
"61194629-E25D-4112-97B4-6A2C57D18F62","2026-08-13T16:34:17Z","VoiceInk","2.11","Parakeet V3 local","⌥ Space","neutral-01",26,319.087271,319.087271,false,0,1,"Fast speech to text should feel instant.","Fast speech to text should feel instant. "
"9FF1DA3C-D2D7-4DB5-A8F5-7EC7D76DAE80","2026-08-13T16:34:25Z","VoiceInk","2.11","Parakeet V3 local","⌥ Space","neutral-01",27,337.330355,337.330355,false,0,1,"Fast speech to text should feel instant.","Fast speech to text should feel instant. "
"23D3E7EE-2826-413D-8D18-39454F6BCCBF","2026-08-13T16:34:33Z","VoiceInk","2.11","Parakeet V3 local","⌥ Space","neutral-01",28,320.614084,320.614084,false,0,1,"Fast speech to text should feel instant.","Fast speech to text should feel instant. "
"47AE0DFB-C0EB-40AA-A4FE-1C9A2384D784","2026-08-13T16:34:41Z","VoiceInk","2.11","Parakeet V3 local","⌥ Space","neutral-01",29,317.645646,317.645646,false,0,1,"Fast speech to text should feel instant.","Fast speech to text should feel instant. "
"96357D9E-2CE2-4C45-BEBA-AEA0780DDC1F","2026-08-13T16:34:49Z","VoiceInk","2.11","Parakeet V3 local","⌥ Space","neutral-01",30,308.302583,308.302583,false,0,1,"Fast speech to text should feel instant.","Fast speech to text should feel instant. "
"12AD1266-8052-4424-96D6-BD7D91F52AE6","2026-08-13T16:34:56Z","VoiceInk","2.11","Parakeet V3 local","⌥ Space","neutral-01",31,326.521854,326.521854,false,0,1,"Fast speech to text should feel instant.","Fast speech to text should feel instant. "
"A29A0FF1-0BDC-4A23-9E47-BF829152FE6E","2026-08-13T16:35:04Z","VoiceInk","2.11","Parakeet V3 local","⌥ Space","neutral-01",32,324.108875,324.108875,false,0,1,"Fast speech to text should feel instant.","Fast speech to text should feel instant. "
"181F9AA8-19B9-44B1-903E-541B38C191AE","2026-08-13T16:35:12Z","VoiceInk","2.11","Parakeet V3 local","⌥ Space","neutral-01",33,332.544791,332.544791,false,0,1,"Fast speech to text should feel instant.","Fast speech to text should feel instant. "
"08755112-2017-4413-8A3B-BBF8C5EDEA14","2026-08-13T16:35:19Z","VoiceInk","2.11","Parakeet V3 local","⌥ Space","neutral-01",34,339.152876,339.152876,false,0,1,"Fast speech to text should feel instant.","Fast speech to text should feel instant. "
"BD85FBE5-A01B-456F-A9F0-9562630E728B","2026-08-13T16:35:26Z","VoiceInk","2.11","Parakeet V3 local","⌥ Space","neutral-01",35,327.010021,327.010021,false,0,1,"Fast speech to text should feel instant.","Fast speech to text should feel instant. "
"DF8CECB7-08F6-4233-BBD2-39A0FCABD48B","2026-08-13T16:35:34Z","VoiceInk","2.11","Parakeet V3 local","⌥ Space","neutral-01",36,316.541459,316.541459,false,0,1,"Fast speech to text should feel instant.","Fast speech to text should feel instant. "
"9C079529-E5F4-49BC-962B-D78DE3B62926","2026-08-13T10:12:59Z","Wispr Flow","1.6.492","Default","Fn","neutral-01",2,524.534813,524.534813,false,0,1,"Fast speech to text should feel instant.","Fast speech-to-text should feel instant. "
"5B7D8416-4387-494D-8E36-C86C00DA1C0E","2026-08-13T10:13:05Z","Wispr Flow","1.6.492","Default","Fn","neutral-01",3,643.065667,643.065667,false,0,1,"Fast speech to text should feel instant.","Fast speech-to-text should feel instant. "
"B84B0E79-695D-4D32-AC6C-9CC997D453C5","2026-08-13T10:13:11Z","Wispr Flow","1.6.492","Default","Fn","neutral-01",4,588.367292,588.367292,false,0,1,"Fast speech to text should feel instant.","Fast speech-to-text should feel instant. "
"A063D785-3C96-4141-9F88-B68A41980955","2026-08-13T10:13:16Z","Wispr Flow","1.6.492","Default","Fn","neutral-01",5,535.655834,535.655834,false,0,1,"Fast speech to text should feel instant.","Fast speech-to-text should feel instant. "
"9489495C-3266-4AC7-9E64-3A967D26DD17","2026-08-13T10:13:22Z","Wispr Flow","1.6.492","Default","Fn","neutral-01",6,584.640167,584.640167,false,0,1,"Fast speech to text should feel instant.","Fast speech-to-text should feel instant. "
"E83F029F-D1BD-4872-9EC5-95BE84374D19","2026-08-13T10:13:28Z","Wispr Flow","1.6.492","Default","Fn","neutral-01",7,792.12175,792.12175,false,0,1,"Fast speech to text should feel instant.","Fast speech-to-text should feel instant. "
"83130E4C-9DAF-4761-95D4-ECABAAA64264","2026-08-13T10:13:34Z","Wispr Flow","1.6.492","Default","Fn","neutral-01",8,521.912313,521.912313,false,0,1,"Fast speech to text should feel instant.","Fast speech-to-text should feel instant. "
"0867F531-70A6-43B2-B908-129B255DCC66","2026-08-13T10:13:40Z","Wispr Flow","1.6.492","Default","Fn","neutral-01",9,538.50325,538.50325,false,0,1,"Fast speech to text should feel instant.","Fast speech-to-text should feel instant. "
"25F8441F-B414-433B-BC4B-64B336BAEAF5","2026-08-13T10:13:46Z","Wispr Flow","1.6.492","Default","Fn","neutral-01",10,541.355146,541.355146,false,0,1,"Fast speech to text should feel instant.","Fast speech-to-text should feel instant. "
"7E0E2AB1-6AC0-4DC1-9464-E7B88DBD6113","2026-08-13T10:13:52Z","Wispr Flow","1.6.492","Default","Fn","neutral-01",11,592.389875,592.389875,false,0,1,"Fast speech to text should feel instant.","Fast speech-to-text should feel instant. "
"84770F42-4BAE-4041-94A3-45A0E3CAB3D9","2026-08-13T10:13:57Z","Wispr Flow","1.6.492","Default","Fn","neutral-01",12,565.978271,565.978271,false,0,1,"Fast speech to text should feel instant.","Fast speech-to-text should feel instant. "
"1F27D462-F130-4780-8C22-2EB097788D17","2026-08-13T10:14:03Z","Wispr Flow","1.6.492","Default","Fn","neutral-01",13,654.546313,654.546313,false,0,1,"Fast speech to text should feel instant.","Fast speech-to-text should feel instant. "
"B16B2729-7A84-4AE5-9170-198739DD1AE7","2026-08-13T10:14:09Z","Wispr Flow","1.6.492","Default","Fn","neutral-01",14,572.005333,572.005333,false,0,1,"Fast speech to text should feel instant.","Fast speech-to-text should feel instant. "
"577D4BEB-720D-4B8D-A8FD-3E137D6774A4","2026-08-13T10:14:15Z","Wispr Flow","1.6.492","Default","Fn","neutral-01",15,623.162771,623.162771,false,0,1,"Fast speech to text should feel instant.","Fast speech-to-text should feel instant. "
"D748808C-9BB5-4D47-BFC2-18D3E32F76B2","2026-08-13T10:14:20Z","Wispr Flow","1.6.492","Default","Fn","neutral-01",16,692.53075,692.53075,false,0,1,"Fast speech to text should feel instant.","Fast speech-to-text should feel instant. "
"2F3215A0-208A-4ACC-AE6F-6621C83F0594","2026-08-13T10:14:26Z","Wispr Flow","1.6.492","Default","Fn","neutral-01",17,546.323292,546.323292,false,0,1,"Fast speech to text should feel instant.","Fast speech-to-text should feel instant. "
"D9BB9B5A-43D4-42CB-B60A-B6167EAA593E","2026-08-13T10:14:32Z","Wispr Flow","1.6.492","Default","Fn","neutral-01",18,636.013875,636.013875,false,0,1,"Fast speech to text should feel instant.","Fast speech-to-text should feel instant. "
"CB063101-0D75-4E7E-AA9F-08C35E12D51C","2026-08-13T10:14:37Z","Wispr Flow","1.6.492","Default","Fn","neutral-01",19,576.197771,576.197771,false,0,1,"Fast speech to text should feel instant.","Fast speech-to-text should feel instant. "
"990B3DAF-0401-4A59-BE5E-15A6CEFAE925","2026-08-13T10:14:43Z","Wispr Flow","1.6.492","Default","Fn","neutral-01",20,624.327604,624.327604,false,0.2857142857142857,0.7142857142857143,"Fast speech to text should feel instant.","That speech-to-text should be instant. "
"6E7A10F5-940C-415F-9A69-A0FB470B1F54","2026-08-13T10:14:49Z","Wispr Flow","1.6.492","Default","Fn","neutral-01",21,641.805458,641.805458,false,0,1,"Fast speech to text should feel instant.","Fast speech-to-text should feel instant. "
"E2C1E230-D8E2-4773-A56B-BF9E59DA0BA0","2026-08-13T10:10:10Z","superwhisper","2.16.1","Standard EN local","superwhisper menu","neutral-01",2,220.854583,220.854583,false,0,1,"Fast speech to text should feel instant.","Fast speech to text should feel instant"
"6B1D36B9-B448-4D61-8D5C-FC833705C4CB","2026-08-13T10:10:15Z","superwhisper","2.16.1","Standard EN local","superwhisper menu","neutral-01",3,254.48525,254.48525,false,0,1,"Fast speech to text should feel instant.","Fast speech to text should feel instant"
"81E7F323-F08D-4C72-84A0-335965B8DAB1","2026-08-13T10:10:21Z","superwhisper","2.16.1","Standard EN local","superwhisper menu","neutral-01",4,211.190416,211.190416,false,0,1,"Fast speech to text should feel instant.","Fast speech to text should feel instant"
"26565B0F-F157-458F-B8C4-20EFB3AFB0E4","2026-08-13T10:10:26Z","superwhisper","2.16.1","Standard EN local","superwhisper menu","neutral-01",5,227.08825,227.08825,false,0,1,"Fast speech to text should feel instant.","Fast speech to text should feel instant"
"FB83D15B-1FC5-427F-BFEB-85DE9E99A0AF","2026-08-13T10:10:31Z","superwhisper","2.16.1","Standard EN local","superwhisper menu","neutral-01",6,216.188772,216.188772,false,0,1,"Fast speech to text should feel instant.","Fast speech to text should feel instant"
"6BDEB019-B350-41C2-88F6-F0AD64AB7AEE","2026-08-13T10:10:36Z","superwhisper","2.16.1","Standard EN local","superwhisper menu","neutral-01",7,194.546542,194.546542,false,0,1,"Fast speech to text should feel instant.","Fast speech to text should feel instant"
"DA85AEE5-765D-4233-8421-41FDEE2286F1","2026-08-13T10:10:41Z","superwhisper","2.16.1","Standard EN local","superwhisper menu","neutral-01",8,223.970709,223.970709,false,0,1,"Fast speech to text should feel instant.","Fast speech to text should feel instant"
"43B2DD3F-4536-4CF0-A486-7258FF86B3B5","2026-08-13T10:10:47Z","superwhisper","2.16.1","Standard EN local","superwhisper menu","neutral-01",9,219.625562,219.625562,false,0,1,"Fast speech to text should feel instant.","Fast speech to text should feel instant"
"F917C358-42DA-4D87-A5D7-375470202023","2026-08-13T10:10:52Z","superwhisper","2.16.1","Standard EN local","superwhisper menu","neutral-01",10,216.554709,216.554709,false,0,1,"Fast speech to text should feel instant.","Fast speech to text should feel instant"
"D861BE0A-46AF-4864-A85E-F91655CD8F07","2026-08-13T10:10:57Z","superwhisper","2.16.1","Standard EN local","superwhisper menu","neutral-01",11,212.671813,212.671813,false,0,1,"Fast speech to text should feel instant.","Fast speech to text should feel instant"
"5B10ED2D-9621-436F-B0D9-707EC3343A8A","2026-08-13T10:11:02Z","superwhisper","2.16.1","Standard EN local","superwhisper menu","neutral-01",12,202.135626,202.135626,false,0,1,"Fast speech to text should feel instant.","Fast speech to text should feel instant"
"CFE0E0F3-2A3B-4D13-8B50-A316AF230749","2026-08-13T10:11:08Z","superwhisper","2.16.1","Standard EN local","superwhisper menu","neutral-01",13,211.052292,211.052292,false,0,1,"Fast speech to text should feel instant.","Fast speech to text should feel instant"
"E97DAABF-2837-45B7-A184-174ACD030CAA","2026-08-13T10:11:13Z","superwhisper","2.16.1","Standard EN local","superwhisper menu","neutral-01",14,223.741688,223.741688,false,0,1,"Fast speech to text should feel instant.","Fast speech to text should feel instant"
"79D7D9A1-497F-42E8-B942-E456C1C11484","2026-08-13T10:11:19Z","superwhisper","2.16.1","Standard EN local","superwhisper menu","neutral-01",15,202.826646,202.826646,false,0.14285714285714285,0.8571428571428572,"Fast speech to text should feel instant.","Ask speech to text should feel instant"
"D6BB6B05-A3B4-4F70-8D7E-71616F3972DE","2026-08-13T10:11:24Z","superwhisper","2.16.1","Standard EN local","superwhisper menu","neutral-01",16,186.788875,186.788875,false,0,1,"Fast speech to text should feel instant.","Fast speech to text should feel instant"
"73FE11B0-8DBF-4418-A8F6-5CA381ED88E9","2026-08-13T10:11:29Z","superwhisper","2.16.1","Standard EN local","superwhisper menu","neutral-01",17,246.856584,246.856584,false,0,1,"Fast speech to text should feel instant.","Fast speech to text should feel instant"
"D9932FF8-5357-4BC3-85D9-76EF922B90D4","2026-08-13T10:11:35Z","superwhisper","2.16.1","Standard EN local","superwhisper menu","neutral-01",18,204.204021,204.204021,false,0,1,"Fast speech to text should feel instant.","Fast speech to text should feel instant"
"E244F503-A52F-40FC-9F87-C5D00F7F1AB3","2026-08-13T10:11:40Z","superwhisper","2.16.1","Standard EN local","superwhisper menu","neutral-01",19,229.052063,229.052063,false,0,1,"Fast speech to text should feel instant.","Fast speech to text should feel instant"
"1110F58B-C302-4985-818D-AEFB656D48AB","2026-08-13T10:11:45Z","superwhisper","2.16.1","Standard EN local","superwhisper menu","neutral-01",20,208.146875,208.146875,false,0,1,"Fast speech to text should feel instant.","Fast speech to text should feel instant"
"C5D8BD09-3799-41DC-8A4D-1DC99539B0FF","2026-08-13T10:11:51Z","superwhisper","2.16.1","Standard EN local","superwhisper menu","neutral-01",21,240.073688,240.073688,false,0,1,"Fast speech to text should feel instant.","Fast speech to text should feel instant"
